{
  "Token.Keyword": {"foreground": "#ff0000", "bold": true},
  "Token.Name.Tag": {"foreground": "#009900", "bold": true},
  "Token.Name.Attribute": {"foreground": "#9933ff"},
  "Token.Operator": {"foreground": "#000000", "bold": true},
  "Token.Punctuation": {"foreground": "#808080"},
  "Token.Comment.Single": {"foreground": "#888888", "italic": true},
  "Token.Comment.Multiline": {"foreground": "#888888", "italic": true},
  "Token.Literal.String.Double": {"foreground": "#cc6600"},
  "Token.Literal.String": {"foreground": "#000000"}  
}
